{
	"info": {
		"_postman_id": "21f1c994-e24e-4b7d-9444-185e904d23b7",
		"name": "Beetroot homework",
		"schema": "https://schema.getpostman.com/json/collection/v2.1.0/collection.json",
		"_exporter_id": "24726015"
	},
	"item": [
		{
			"name": "LVL1 Post",
			"event": [
				{
					"listen": "test",
					"script": {
						"exec": [
							"pm.test(\"Successful POST request\", function () {",
							"    pm.expect(pm.response.code).to.be.oneOf([200, 201]);",
							"});",
							"pm.test(\"Response time is less than 2000ms\", function () {",
							"    pm.expect(pm.response.responseTime).to.be.below(2000);",
							"});",
							"",
							"",
							""
						],
						"type": "text/javascript"
					}
				}
			],
			"request": {
				"method": "POST",
				"header": [],
				"body": {
					"mode": "raw",
					"raw": "{\n\"name\":\"bbbbbb\",\n\"age\": 20,\n\"gender\":\"female\",\n\"city\":\"lviv\"\n}\n",
					"options": {
						"raw": {
							"language": "json"
						}
					}
				},
				"url": {
					"raw": "{{URL}}/users",
					"host": [
						"{{URL}}"
					],
					"path": [
						"users"
					]
				}
			},
			"response": []
		},
		{
			"name": "LVL1 Get",
			"event": [
				{
					"listen": "test",
					"script": {
						"exec": [
							"pm.test(\"Age is valid\", function () {",
							"    var jsonData = pm.response.json();",
							"    pm.expect(jsonData.age).to.eql(20);",
							"});",
							"",
							"pm.test(\"Content-Length is present\", function () {",
							"    pm.response.to.have.header(\"Content-Length\");",
							"});",
							""
						],
						"type": "text/javascript"
					}
				}
			],
			"protocolProfileBehavior": {
				"disableBodyPruning": true
			},
			"request": {
				"method": "GET",
				"header": [],
				"body": {
					"mode": "raw",
					"raw": ""
				},
				"url": {
					"raw": "{{URL}}/users?id={{userID}}",
					"host": [
						"{{URL}}"
					],
					"path": [
						"users"
					],
					"query": [
						{
							"key": "id",
							"value": "{{userID}}"
						}
					]
				}
			},
			"response": []
		},
		{
			"name": "LVL1 Patch",
			"event": [
				{
					"listen": "test",
					"script": {
						"exec": [
							"pm.test(\"Your test name\", function () {",
							"    var jsonData = pm.response.json();",
							"    pm.expect(jsonData.name).to.eql(\"bbbbbb\");",
							"});",
							"",
							"pm.test(\"Status code name has string\", function () {",
							"    pm.response.to.have.status(\"OK\");",
							"});"
						],
						"type": "text/javascript"
					}
				}
			],
			"request": {
				"method": "PATCH",
				"header": [],
				"body": {
					"mode": "raw",
					"raw": "{\n\"name\":\"{{name}}\",\n\"age\":\"{{age}}\",\n\"gender\":\"{{gender}}\",\n\"city\":\"{{city}}\",\n\"id\": \"{{userID}}\"\n}\n",
					"options": {
						"raw": {
							"language": "json"
						}
					}
				},
				"url": {
					"raw": "{{URL}}/users",
					"host": [
						"{{URL}}"
					],
					"path": [
						"users"
					]
				}
			},
			"response": []
		},
		{
			"name": "LVL1 Delete",
			"event": [
				{
					"listen": "test",
					"script": {
						"exec": [
							"pm.environment.unset(\"test\");",
							"",
							"pm.test(\"Status code is 200\", function () {",
							"    pm.response.to.have.status(200);",
							"});",
							"pm.test(\"User is deleted\", function () {",
							"    pm.response.to.have.body(\"User is deleted\");",
							"});"
						],
						"type": "text/javascript"
					}
				}
			],
			"request": {
				"method": "DELETE",
				"header": [],
				"body": {
					"mode": "raw",
					"raw": "{\n\"name\":\"Tetiana\",\n\"age\":\"21\",\n\"gender\":\"female\",\n\"city\":\"Ternopil\"\n}\n",
					"options": {
						"raw": {
							"language": "json"
						}
					}
				},
				"url": {
					"raw": "{{URL}}/users?id={{userID}}",
					"host": [
						"{{URL}}"
					],
					"path": [
						"users"
					],
					"query": [
						{
							"key": "id",
							"value": "{{userID}}"
						}
					]
				}
			},
			"response": []
		},
		{
			"name": "LVL2 Post",
			"event": [
				{
					"listen": "test",
					"script": {
						"exec": [
							"//entered \"0\" in the \"age\" field (valid data is number range 1-100)",
							"",
							"//negative ",
							"pm.test(\"Age is invalid\", function () {",
							"    pm.response.to.have.body(\"Validation error: age is invalid\");",
							"});",
							"",
							"//positive",
							"pm.test(\"Response time is less than 2000ms\", function () {",
							"    pm.expect(pm.response.responseTime).to.be.below (2000);",
							"});"
						],
						"type": "text/javascript"
					}
				}
			],
			"request": {
				"method": "POST",
				"header": [],
				"body": {
					"mode": "raw",
					"raw": "{\n\"name\":\"{{$randomFullName}}\",\n\"age\":\"0\",\n\"gender\":\"male\",\n\"city\":\"{{$randomCity}}\"\n}\n",
					"options": {
						"raw": {
							"language": "json"
						}
					}
				},
				"url": {
					"raw": "{{URL}}/users",
					"host": [
						"{{URL}}"
					],
					"path": [
						"users"
					]
				}
			},
			"response": []
		},
		{
			"name": "LVL2 Get",
			"event": [
				{
					"listen": "test",
					"script": {
						"exec": [
							"//parameters in request are not entered",
							"",
							"//negative",
							"pm.test(\"Status code is 400\", function () {",
							"    pm.response.to.have.status(400);",
							"});",
							"",
							"//positive",
							"pm.test(\"Connection is present\", function () {",
							"    pm.response.to.have.header(\"Connection\");",
							"});"
						],
						"type": "text/javascript"
					}
				}
			],
			"protocolProfileBehavior": {
				"disableBodyPruning": true
			},
			"request": {
				"method": "GET",
				"header": [],
				"body": {
					"mode": "raw",
					"raw": ""
				},
				"url": {
					"raw": "{{URL}}/users",
					"host": [
						"{{URL}}"
					],
					"path": [
						"users"
					],
					"query": [
						{
							"key": "id",
							"value": "{{userID2}}",
							"disabled": true
						}
					]
				}
			},
			"response": []
		},
		{
			"name": "LVL2 Patch",
			"event": [
				{
					"listen": "test",
					"script": {
						"exec": [
							"//entered \"man\" in \"gender\" field (valid data is \"male\" or \"female\")",
							"",
							"//positive",
							"pm.test(\"Gender is valid\", function () {",
							"    var jsonData = pm.response.json();",
							"    pm.expect(jsonData.gender).to.be.oneOf([\"male\", \"female\"]);",
							"});",
							"",
							"//negative",
							"pm.test(\"Validation error: name is invalid\", function () {",
							"    pm.response.to.have.body(\"Validation error: name is invalid\");",
							"});"
						],
						"type": "text/javascript"
					}
				}
			],
			"request": {
				"method": "PATCH",
				"header": [],
				"body": {
					"mode": "raw",
					"raw": "{\n\"name\":\"kk\",\n\"age\":\"{{age}}\",\n\"gender\":\"man\",\n\"city\":\"{{city}}\",\n\"id\": \"{{userID2}}\"\n}\n",
					"options": {
						"raw": {
							"language": "json"
						}
					}
				},
				"url": {
					"raw": "{{URL}}/users",
					"host": [
						"{{URL}}"
					],
					"path": [
						"users"
					]
				}
			},
			"response": []
		},
		{
			"name": "LVL2 Delete",
			"event": [
				{
					"listen": "test",
					"script": {
						"exec": [
							"//parameters in request are not entered",
							"",
							"//negative",
							"pm.test(\"Status code name has string\", function () {",
							"    pm.response.to.have.status(\"Bad Request\");",
							"});",
							"",
							"//positive",
							"pm.test(\"Response time is less than 500ms\", function () {",
							"    pm.expect(pm.response.responseTime).to.be.below(500);",
							"});"
						],
						"type": "text/javascript"
					}
				}
			],
			"request": {
				"method": "DELETE",
				"header": [],
				"body": {
					"mode": "raw",
					"raw": "{\n\"name\":\"Tetiana\",\n\"age\":\"21\",\n\"gender\":\"female\",\n\"city\":\"Ternopil\"\n}\n",
					"options": {
						"raw": {
							"language": "json"
						}
					}
				},
				"url": {
					"raw": "{{URL}}/users",
					"host": [
						"{{URL}}"
					],
					"path": [
						"users"
					]
				}
			},
			"response": []
		},
		{
			"name": "LVL3 Post (to run)",
			"event": [
				{
					"listen": "test",
					"script": {
						"exec": [
							"",
							"//only requests from LVL3 to run the collection ",
							"",
							"var jsonData = pm.response.json();",
							"pm.environment.set(\"userID3\", jsonData.id);",
							"pm.environment.set(\"name3\", jsonData.name);",
							"pm.environment.set(\"age3\", jsonData.age);",
							"pm.environment.set(\"gender3\", jsonData.gender);",
							"pm.environment.set(\"city3\", jsonData.city);",
							"",
							"",
							"pm.test(\"Successful POST request\", function () {",
							"    pm.expect(pm.response.code).to.be.oneOf([200, 201]);",
							"});",
							"",
							"var userID = jsonData.id;",
							"",
							"pm.test(\"New user created\", function () {",
							"    var jsonData = pm.response.json();",
							"    pm.expect(jsonData.id).to.eql(userID);",
							"});"
						],
						"type": "text/javascript"
					}
				}
			],
			"request": {
				"method": "POST",
				"header": [],
				"body": {
					"mode": "raw",
					"raw": "{\n\"name\":\"{{$randomFullName}}\",\n\"age\":\"20\",\n\"gender\":\"male\",\n\"city\":\"{{$randomCity}}\"\n}\n",
					"options": {
						"raw": {
							"language": "json"
						}
					}
				},
				"url": {
					"raw": "{{URL}}/users",
					"host": [
						"{{URL}}"
					],
					"path": [
						"users"
					]
				}
			},
			"response": []
		},
		{
			"name": "LVL3 Get (to run)",
			"event": [
				{
					"listen": "test",
					"script": {
						"exec": [
							"var jsonData = pm.response.json();",
							"var userID = jsonData.id;",
							"pm.test(\"User info was displayed\", function () {",
							"    pm.expect(pm.response.text()).to.include(userID);",
							"});"
						],
						"type": "text/javascript"
					}
				}
			],
			"protocolProfileBehavior": {
				"disableBodyPruning": true
			},
			"request": {
				"method": "GET",
				"header": [],
				"body": {
					"mode": "raw",
					"raw": ""
				},
				"url": {
					"raw": "{{URL}}/users?id={{userID3}}",
					"host": [
						"{{URL}}"
					],
					"path": [
						"users"
					],
					"query": [
						{
							"key": "id",
							"value": "{{userID3}}"
						}
					]
				}
			},
			"response": []
		},
		{
			"name": "LVL3 Patch (to run)",
			"event": [
				{
					"listen": "test",
					"script": {
						"exec": [
							"var jsonData = pm.response.json();",
							"pm.environment.set(\"userID3\", jsonData.id);",
							"pm.environment.set(\"name3\", jsonData.name);",
							"pm.environment.set(\"age3\", jsonData.age);",
							"pm.environment.set(\"gender3\", jsonData.gender);",
							"pm.environment.set(\"city3\", jsonData.city);",
							"",
							"",
							"pm.test(\"Status code is 200\", function () {",
							"    pm.response.to.have.status(200);",
							"});",
							"var userID = jsonData.id;",
							"pm.test(\"User info was changed\", function () {",
							"    pm.expect(pm.response.text()).to.include(userID);",
							"});"
						],
						"type": "text/javascript"
					}
				}
			],
			"request": {
				"method": "PATCH",
				"header": [],
				"body": {
					"mode": "raw",
					"raw": "{\n\"name\":\"{{$randomFullName}}\",\n\"age\":\"30\",\n\"gender\":\"female\",\n\"city\":\"{{$randomCity}}\",\n\"id\": \"{{userID3}}\"\n}\n",
					"options": {
						"raw": {
							"language": "json"
						}
					}
				},
				"url": {
					"raw": "{{URL}}/users",
					"host": [
						"{{URL}}"
					],
					"path": [
						"users"
					]
				}
			},
			"response": []
		},
		{
			"name": "LVL3 Delete (to run)",
			"event": [
				{
					"listen": "test",
					"script": {
						"exec": [
							"pm.environment.unset(\"userID3\");",
							"pm.environment.unset(\"name3\");",
							"pm.environment.unset(\"age3\");",
							"pm.environment.unset(\"gender3\");",
							"pm.environment.unset(\"city3\");",
							"",
							"pm.test(\"User is deleted\", function () {",
							"    pm.response.to.have.body(\"User is deleted\");",
							"});"
						],
						"type": "text/javascript"
					}
				}
			],
			"request": {
				"method": "DELETE",
				"header": [],
				"body": {
					"mode": "raw",
					"raw": "{\n\"name\":\"Tetiana\",\n\"age\":\"21\",\n\"gender\":\"female\",\n\"city\":\"Ternopil\"\n}\n",
					"options": {
						"raw": {
							"language": "json"
						}
					}
				},
				"url": {
					"raw": "{{URL}}/users?id={{userID3}}",
					"host": [
						"{{URL}}"
					],
					"path": [
						"users"
					],
					"query": [
						{
							"key": "id",
							"value": "{{userID3}}"
						}
					]
				}
			},
			"response": []
		},
		{
			"name": "LVL3 Check (to run)",
			"event": [
				{
					"listen": "test",
					"script": {
						"exec": [
							"pm.test(\"No users found\", function () {",
							"    pm.response.to.have.body(\"No users found\");",
							"});",
							""
						],
						"type": "text/javascript"
					}
				}
			],
			"protocolProfileBehavior": {
				"disableBodyPruning": true
			},
			"request": {
				"method": "GET",
				"header": [],
				"body": {
					"mode": "raw",
					"raw": ""
				},
				"url": {
					"raw": "{{URL}}/users?id={{userID3}}",
					"host": [
						"{{URL}}"
					],
					"path": [
						"users"
					],
					"query": [
						{
							"key": "id",
							"value": "{{userID3}}"
						}
					]
				}
			},
			"response": []
		}
	],
	"auth": {
		"type": "apikey"
	},
	"event": [
		{
			"listen": "prerequest",
			"script": {
				"type": "text/javascript",
				"exec": [
					""
				]
			}
		},
		{
			"listen": "test",
			"script": {
				"type": "text/javascript",
				"exec": [
					""
				]
			}
		}
	],
	"variable": [
		{
			"key": "new",
			"value": ""
		}
	]
}