{
	"id": "bac2e611-e2f8-4df8-bfc2-fdd3ad1dd7fd",
	"name": "Homework POSTMAN",
	"values": [
		{
			"key": "userID",
			"value": "6b4070a1-d60a-4ab2-b62f-3dd63669d8a6",
			"type": "default",
			"enabled": true
		},
		{
			"key": "name",
			"value": "bbbbbb",
			"type": "default",
			"enabled": true
		},
		{
			"key": "age",
			"value": "20",
			"type": "default",
			"enabled": true
		},
		{
			"key": "city",
			"value": "lviv ",
			"type": "default",
			"enabled": true
		},
		{
			"key": "URL",
			"value": "https://em.staging.api.onereach.ai/http/1b3bebb7-e882-4f1e-a74b-ee381bfa69d6",
			"type": "default",
			"enabled": true
		},
		{
			"key": "gender",
			"value": "male",
			"type": "any",
			"enabled": true
		},
		{
			"key": "toDelete",
			"value": "0479b24d-533d-4645-84fd-97b3457e248f",
			"type": "default",
			"enabled": true
		},
		{
			"key": "userID2",
			"value": "1eca09ad-30a6-48c3-8867-348fda6bf924",
			"type": "default",
			"enabled": true
		}
	],
	"_postman_variable_scope": "environment",
	"_postman_exported_at": "2022-12-05T00:06:12.173Z",
	"_postman_exported_using": "Postman/10.5.7"
}